"year","wage_value"
"2012","622.0"
"2013","678.0"
"2014","724.0"
"2015","788.0"
"2016","880.0"
"2017","937.0"
"2018","954.0"
"2019","998.0"
"2020","1045.0"
"2021","1100.0"
"2022","1212.0"
"2023","1320.0"
"2024","1412.0"
